<?xml version="1.0" encoding="UTF-8" standalone="yes"?>
<addon id="repository.yankieflixtv" name="[COLOR lime]yankieflix.tv- Repositorio[/COLOR] Repo" version="1.0.2" provider-name="flix">
     <extension point="xbmc.addon.repository" name="Mi repositorio">
        <info>https://raw.githubusercontent.com/juNKI23/repo/master/Repositorio/addons.xml</info>
        <checksum>https://raw.githubusercontent.com/juNKI23/repo/master/Repositorio/addons.xml.md5</checksum>
        <datadir zip="true">https://github.com/yankieflixtv/juNKI23/master/Repositorio</datadir>
    </extension>
    <extension point="xbmc.addon.metadata">
        <summary>yankieflix.tv -Repositorio </summary>
        <description></description>
        <disclaimer></disclaimer>
        <platform>all</platform>
    </extension>
</addon>
