<?xml version="1.0" encoding="UTF-8"?>
    <addon id="repository" name="yankieflix Repositorio" version="1.0.1" provider-name="jean carlos">
        <requires>
            <import addon="xbmc.addon" version="12.0.0"/>
        </requires>
        <extension point="xbmc.addon.repository" name="yankieflix Repositorio Oficial">
            <info compressed="false">https://raw.githubusercontent.com/juNKI23/Repo/master/Repositorio/addons.xml</info>
            <checksum>https://raw.githubusercontent.com/juNKI23/Repo/master/Repositorio/addons.xml.md5</checksum>
            <datadir zip="true">https://raw.githubusercontent.com/juNKI23/master/Repositorio/</datadir>
        </extension>
        <extension point="xbmc.addon.metadata">
            <summary>Repositorio para AdryanList 2.0.2</summary>
            <description>Repositorio que pertenece a yankieflix</description>
            <platform>all</platform>
    </extension>
</addon>